Language Code,App Name,Short Description,Full Description
en,SoundSlumber - Sleep (Ads),"Sleep deeply with custom ambient sounds, power saving, and gentle wake alarm.","Transform your nights with SoundSlumber, the ultimate companion for deep, restful sleep.

Create your perfect bedtime sanctuary by mixing high-quality soothing sounds—including gentle rain, calming ocean waves, rustling forest leaves, and smooth white noise. Tailor your sleep environment to your exact liking and fall asleep faster than ever before.

Key Features:
• Personalized Soundscapes: Mix and match multiple high-fidelity ambient sounds. Fine-tune individual track volumes to craft your unique bedtime audio escape.
• Smart Power Save Mode: Protect your device's battery overnight. This mode automatically reduces the audio sampling rate and disables non-essential screen animations while you sleep.
• Loudness Normalization: Experience a smooth, balanced audio output. SoundSlumber normalizes the master volume of all active tracks to prevent sudden volume spikes or audio clipping.
• Gentle Wake Sunrise: Wake up naturally and refreshed. When your sleep timer expires, the volume rises gently over 5 minutes accompanied by a warm, simulated sunrise screen illumination.
• Onboarding Walkthrough: Quickly learn how to customize sleep protection features and design your custom environments.

Why Choose SoundSlumber?
• 100% Offline-Friendly: Play your custom mixes anywhere, anytime, without needing an internet connection.
• Battery Conscious: Designed from the ground up for minimal power consumption.
• Material You Design: A modern, gorgeous, dark-themed interface built for relaxed nighttime viewing.

Say goodbye to restless nights and start waking up refreshed. Download SoundSlumber today!"
ar,ساوند سلامبر - نوم (إعلانات),نَم بعمق مع الأصوات البيئية، موفر الطاقة، ومنبه الاستيقاظ اللطيف.,"غير لياليك مع SoundSlumber، الرفيق المثالي لنوم عميق ومريح.

اصنع ملاذك المثالي للنوم من خلال مزج أصوات مهدئة عالية الجودة - بما في ذلك المطر اللطيف، أمواج المحيط الهادئة، أوراق الغابات وحفيفها، والضوضاء البيضاء الناعمة. صمم بيئة نومك لتناسب ذوقك تماماً ونم أسرع من أي وقت مضى.

الميزات الرئيسية:
• بيئات صوتية مخصصة: امزج وطابق العديد من الأصوات المحيطية عالية الدقة. اضبط حجم المسارات الفردية لتصميم هروبك الصوتي الفريد قبل النوم.
• وضع توفير الطاقة الذكي: حافظ على بطارية جهازك طوال الليل. يقلل هذا الوضع تلقائياً من معدل أخذ عينات الصوت ويعطل رسوم الشاشة غير الضرورية أثناء نومك.
• موازنة حدة الصوت: استمتع بمخرجات صوتية متوازنة وسلسة. يقوم التطبيق بضبط مستوى الصوت الرئيسي لجميع المسارات النشطة لمنع الارتفاعات المفاجئة في الصوت.
• شروق الاستيقاظ اللطيف: استيقظ بشكل طبيعي وبنشاط. عندما ينتهي مؤقت النوم، يرتفع الصوت تدريجياً على مدار 5 دقائق مصحوباً بإضاءة شاشة دافئة تحاكي شروق الشمس.
• جولة تعليمية أولية: تعلم بسرعة كيفية تخصيص ميزات حماية النوم وتصميم بيئاتك الخاصة.

لماذا تختار SoundSlumber؟
• يعمل بدون إنترنت تماماً: قم بتشغيل خلطاتك المخصصة في أي مكان وفي أي وقت دون الحاجة إلى اتصال بالإنترنت.
• صديق للبطارية: مصمم خصيصاً لاستهلاك أقل طاقة ممكنة.
• تصميم عصري وأنيق: واجهة مريحة ومظلمة مصممة للمشاهدة الليلية المريحة.

قل وداعاً لليالي الأرق وابدأ بالاستيقاظ منتعشاً. حمل SoundSlumber اليوم!"
bn,সাউন্ডস্লাম্বার - ঘুম (Ads),"শব্দ মিশ্রণ, পাওয়ার সেভিং ও জেন্টল ওয়েক অ্যালার্ম দিয়ে ঘুমান।","গভীর ও আরামদায়ক ঘুমের একমাত্র সহচর SoundSlumber-এর মাধ্যমে আপনার রাতগুলোকে বদলে ফেলুন।

মৃদু বৃষ্টি, শান্ত সাগরের ঢেউ, বনের পাতার শব্দ এবং সফট হোয়াইট নয়েজের মতো উচ্চ-মানের প্রশান্তিদায়ক শব্দের মিশ্রণ তৈরি করে আপনার শোবার ঘরটিকে এক শান্ত স্বর্গরাজ্যে পরিণত করুন। আপনার পছন্দমতো ঘুমের পরিবেশ তৈরি করুন এবং আগের চেয়ে দ্রুত ঘুমিয়ে পড়ুন।

প্রধান বৈশিষ্ট্যসমূহ:
• কাস্টম শব্দজগৎ: একাধিক উচ্চ-মানের প্রাকৃতিক শব্দ একসাথে মিশিয়ে নিন। প্রতিটি ট্র্যাকের ভলিউম আলাদাভাবে নিয়ন্ত্রণ করে তৈরি করুন নিজস্ব ঘুমের অডিও।
• স্মার্ট পাওয়ার সেভ মোড: রাতে আপনার ডিভাইসের ব্যাটারি সুরক্ষিত রাখুন। এই মোডটি ঘুমানোর সময় অডিও স্যাম্পলিং রেট কমিয়ে দেয় এবং স্ক্রিনের অতিরিক্ত অ্যানিমেশন বন্ধ রাখে।
• লাউডনেস নরমালাইজেশন: সমান ও ভারসাম্যপূর্ণ শব্দ উপভোগ করুন। সব ট্র্যাকের মাস্টার ভলিউম স্বয়ংক্রিয়ভাবে সমান রাখা হয় যাতে হঠাৎ কোনো তীব্র আওয়াজ না হয়।
• জেন্টল ওয়েক সানরাইজ: প্রাকৃতিকভাবে সতেজ হয়ে জেগে উঠুন। স্লিপ টাইমার শেষ হলে ভলিউম ৫ মিনিট ধরে ধীরে ধীরে বাড়ে এবং স্ক্রিনে ভোরের আলোর মতো কৃত্রিম নরম আলো জ্বলে ওঠে।
• গাইড অনবোর্ডিং: কীভাবে ঘুমের সেটিংস কাস্টমাইজ করবেন এবং নিজের সাউন্ডস্কেপ তৈরি করবেন তা সহজেই বুঝে নিন।

কেন SoundSlumber বেছে নেবেন?
• সম্পূর্ণ অফলাইন-বান্ধব: ইন্টারনেট ছাড়াই যেকোনো স্থানে যেকোনো সময় আপনার কাস্টম শব্দগুলো শুনুন।
• ব্যাটারি সাশ্রয়ী: অত্যন্ত কম পাওয়ার খরচ করার জন্য বিশেষভাবে তৈরি।
• মেটেরিয়াল ডিজাইন: রাতে চোখের আরামের জন্য একটি দৃষ্টিনন্দন ও আধুনিক ডার্ক থিম ইন্টারফেস।

অশান্ত রাতকে বিদায় জানান এবং সতেজ মনে জেগে উঠুন। আজই ডাউনলোড করুন SoundSlumber!"
de,SoundSlumber - Schlaf (Anz.),"Tief schlafen mit Ambient-Sounds, Energiesparmodus und sanftem Wecker.","Verwandeln Sie Ihre Nächte mit SoundSlumber, dem ultimativen Begleiter für tiefen und erholsamen Schlaf.

Erschaffen Sie Ihre perfekte Einschlafoase, indem Sie hochwertige, beruhigende Klänge mischen – darunter sanfter Regen, beruhigende Meereswellen, raschelndes Waldlaub und gleichmäßiges weißes Rauschen. Passen Sie Ihre Schlafumgebung exakt an Ihre Wünsche an und schlafen Sie schneller ein als je zuvor.

Hauptmerkmale:
• Personalisierte Klangwelten: Mischen und kombinieren Sie mehrere High-Fidelity-Umgebungsgeräusche. Passen Sie die Lautstärke einzelner Spuren an, um Ihre ganz persönliche Einschlaf-Klangkulisse zu erstellen.
• Intelligenter Energiesparmodus: Schonen Sie den Akku Ihres Geräts über Nacht. Dieser Modus reduziert automatisch die Audio-Abtastrate und deaktiviert unnötige Bildschirmanimationen während Ihres Schlafs.
• Lautstärkenormalisierung: Erleben Sie eine gleichmäßige, ausgewogene Audioausgabe. SoundSlumber gleicht die Gesamtlautstärke aller aktiven Spuren an, um plötzliche Lautstärkespitzen oder Verzerrungen zu vermeiden.
• Sanfter Sonnenaufgang: Wachen Sie natürlich und erholt auf. Sobald der Sleep-Timer abläuft, steigt die Lautstärke über 5 Minuten hinweg sanft an, begleitet von einem warmen, simulierten Sonnenaufgang auf dem Bildschirm.
• Onboarding-Tour: Lernen Sie schnell, wie Sie die Schlaffunktionen anpassen und Ihre eigenen Klangwelten gestalten.

Warum SoundSlumber wählen?
• 100% Offline-fähig: Spielen Sie Ihre benutzerdefinierten Mixe überall und jederzeit ab, ohne eine Internetverbindung zu benötigen.
• Akkuschonend: Von Grund auf für minimalen Stromverbrauch optimiert.
• Modernes Material Design: Eine ansprechende Benutzeroberfläche im dunklen Design für eine entspannte nächtliche Nutzung.
• Keine komplizierten Einstellungen: Einfach zu bedienen, damit Sie sich ganz auf Ihre Entspannung konzentrieren können.

Verabschieden Sie sich von schlaflosen Nächten und starten Sie voller Energie in den Tag. Laden Sie SoundSlumber noch heute herunter!"
es,SoundSlumber - Sueño (Ads),"Duerme profundamente con sonidos relajantes, ahorro de energía y despertador.","Transforma tus noches con SoundSlumber, el compañero definitivo para disfrutar de un sueño profundo y reparador.

Crea tu santuario de descanso ideal mezclando sonidos relajantes de alta calidad, como lluvia suave, olas del océano, el susurro de las hojas del bosque y ruido blanco. Adapta tu entorno de sueño exactamente a tu gusto y quédate dormido más rápido que nunca.

Características principales:
• Paisajes sonoros personalizados: Combina múltiples sonidos ambientales de alta fidelidad. Ajusta los volúmenes de las pistas individuales para diseñar tu escape de audio único para dormir.
• Modo de ahorro de energía inteligente: Cuida la batería de tu dispositivo durante la noche. Este modo reduce automáticamente la tasa de muestreo de audio y desactiva animaciones de pantalla secundarias mientras duermes.
• Normalización de volumen: Disfruta de una salida de audio suave y equilibrada. El sistema nivela el volumen de todas las pistas activas para evitar picos de volumen molestos o saturaciones.
• Despertar con amanecer suave: Despiértate de forma natural y con energía. Cuando el temporizador de sueño termina, el volumen sube suavemente durante 5 minutos acompañado de una luz cálida simulada en pantalla.
• Introducción interactiva: Aprende rápidamente a personalizar las funciones de protección acústica y a diseñar tus propios ambientes.

¿Por qué elegir SoundSlumber?
• 100% sin conexión: Reproduce tus mezclas personalizadas en cualquier lugar y momento, sin necesidad de conexión a internet.
• Consumo de batería eficiente: Diseñado desde cero para optimizar y reducir al mínimo el gasto de energía.
• Interfaz Material Design elegante: Un diseño nocturno moderno y oscuro pensado para el confort visual por la noche.

Dile adiós a las noches de insomnio y empieza a despertarte totalmente renovado. ¡Descarga SoundSlumber hoy mismo!"
fr,SoundSlumber - Sommeil (Ads),Dormez profondément avec des sons d'ambiance et un réveil en douceur.,"Transformez vos nuits avec SoundSlumber, le compagnon ultime pour un sommeil profond et réparateur.

Créez votre sanctuaire de sommeil idéal en mélangeant des sons apaisants de haute qualité, comme une pluie douce, des vagues océaniques calmes, le bruissement des feuilles de la forêt ou un bruit blanc harmonieux. Personnalisez votre environnement nocturne et endormez-vous plus rapidement.

Caractéristiques principales :
• Paysages sonores personnalisés : Associez plusieurs sons d'ambiance haute fidélité. Ajustez le volume de chaque piste pour façonner votre propre évasion sonore nocturne.
• Mode Économie d'Énergie intelligent : Préservez la batterie de votre appareil pendant la nuit. Ce mode réduit automatiquement le taux d'échantillonnage audio et désactive les animations d'écran superflues pendant votre sommeil.
• Normalisation du volume : Profitez d'un son fluide et équilibré. L'application ajuste le volume principal de toutes les pistes actives pour éviter les pics sonores ou la saturation.
• Réveil Lumineux en Douceur : Réveillez-vous naturellement et reposé. Lorsque votre minuteur expire, le volume augmente progressivement sur 5 minutes, accompagné d'une simulation d'aube chaleureuse sur votre écran.
• Guide d'intégration : Découvrez rapidement comment configurer vos préférences et concevoir vos paysages de sommeil.

Pourquoi choisir SoundSlumber ?
• 100 % hors ligne : Écoutez vos mélanges favoris n'importe où, n'importe quand, sans aucune connexion Internet.
• Respectueux de la batterie : Conçu spécifiquement pour minimiser la consommation d'énergie.
• Design moderne et élégant : Une interface sombre et épurée, idéale pour une utilisation nocturne relaxante.

Dites adieu aux nuits agitées et réveillez-vous avec vitalité. Téléchargez SoundSlumber dès aujourd'hui !"
hi,साउंडस्लंबर - नींद (Ads),"शांतिपूर्ण नींद के लिए अनुकूलित ध्वनियाँ, पावर सेविंग और मधुर अलार्म।","SoundSlumber के साथ अपनी रातों को बदलें, जो गहरी और आरामदायक नींद के लिए आपका अंतिम साथी है।

रिमझिम बारिश, शांत समुद्र की लहरें, जंगल के पत्तों की सरसराहट और सुखदायक व्हाइट नॉइज़ सहित उच्च गुणवत्ता वाली ध्वनियों को मिलाकर अपने सोने के कमरे को एक शांत स्वर्ग बनाएं। अपनी पसंद के अनुसार सोने का माहौल तैयार करें और पहले से कहीं अधिक तेज़ी से सोएं।

मुख्य विशेषताएं:
• व्यक्तिगत ध्वनि-मिश्रण: कई उच्च-गुणवत्ता वाली प्राकृतिक ध्वनियों को एक साथ मिलाएं। अपनी अनूठी bedtime ऑडियो बनाने के लिए प्रत्येक ट्रैक के वॉल्यूम को नियंत्रित करें।
• स्मार्ट पावर सेव मोड: रात भर अपने डिवाइस की बैटरी सुरक्षित रखें। यह मोड आपके सोते समय ऑडियो सैंपलिंग दर को कम करता है और अतिरिक्त स्क्रीन एनिमेशन को बंद रखता है।
• वॉल्यूम सामान्यीकरण: संतुलित और सुसंगत ध्वनि का अनुभव करें। सभी ट्रैक के मास्टर वॉल्यूम को स्वचालित रूप से समान रखा जाता है ताकि अचानक कोई तेज़ आवाज़ या ध्वनि में खिंचाव न हो।
• कोमल सूर्योदय अलार्म: प्राकृतिक रूप से तरोताजा होकर जागें। स्लीप टाइमर समाप्त होने पर वॉल्यूम 5 मिनट में धीरे-धीरे बढ़ता है और स्क्रीन पर सूर्योदय की सुंदर पीली रोशनी चमकती है।
• आसान ऑनबोर्डिंग गाइड: नींद सुरक्षा सुविधाओं को अनुकूलित करने और अपना कस्टम वातावरण डिज़ाइन करने का तरीका आसानी से समझें।

SoundSlumber क्यों चुनें?
• 100% ऑफ़लाइन अनुकूल: बिना इंटरनेट कनेक्शन के कहीं भी, कभी भी अपने अनुकूलित मिक्स चलाएं।
• बैटरी के अनुकूल: न्यूनतम बिजली की खपत के लिए विशेष रूप से डिज़ाइन किया गया।
• शानदार डार्क थीम डिज़ाइन: रात में आँखों को आराम देने के लिए एक आधुनिक और सुंदर इंटरफ़ेस।

बेचैन रातों को अलविदा कहें और तरोताजा मन से जागना शुरू करें। आज ही SoundSlumber डाउनलोड करें!"
it,SoundSlumber - Sonno (Ads),"Dormi profondamente con suoni rilassanti, risparmio energetico e sveglia.","Trasforma le tue notti con SoundSlumber, l'alleato ideale per un sonno profondo e ristoratore.

Crea il tuo angolo di relax miscelando suoni rilassanti ad alta fedeltà, tra cui una pioggia leggera, il fruscio delle foglie nel bosco, onde marine delicate e il classico rumore bianco. Personalizza il tuo ambiente notturno in base alle tue preferenze e addormentati in tempi record.

Caratteristiche principali:
• Atmosfere sonore su misura: Combina più suoni d'ambiente. Regola i singoli volumi per creare la colonna sonora perfetta per il tuo riposo.
• Risparmio Energetico Intelligente: Salvaguarda la batteria del tuo telefono. Questa modalità riduce automaticamente la frequenza di campionamento dell'audio e disattiva le animazioni dello schermo superflue durante il riposo.
• Normalizzazione del Volume: Goditi un audio omogeneo e piacevole. Il sistema livella il volume di tutte le tracce attive per prevenire picchi sonori improvvisi o fastidiosi.
• Risveglio Dolce all'Alba: Svegliati riposato e con energia. Allo scadere del timer di spegnimento, il volume cresce gradualmente per 5 minuti, mentre lo schermo si illumina simulando i colori caldi dell'alba.
• Guida interattiva: Impara subito a personalizzare le impostazioni di protezione e ad abbinare i tuoi suoni preferiti.

Perché scegliere SoundSlumber?
• Funziona 100% offline: Ascolta le tue combinazioni ovunque, in qualsiasi momento, senza consumare traffico dati.
• Amico della batteria: Sviluppato appositamente per ridurre al minimo l'impatto energetico.
• Design moderno e scuro: Interfaccia raffinata e confortevole per gli occhi durante le ore notturne.

Dì addio alle notti insonni e svegliati pieno di energia. Scarica SoundSlumber adesso!"
ja,SoundSlumber - 睡眠 (広告),環境音のブレンド、省電力モード、やさしい目覚ましで質の高い睡眠を。,"深くて心地よい眠りをサポートする極上の睡眠アプリ「SoundSlumber」で、毎晩の睡眠習慣を一新しましょう。

しとしとと降る雨の音、穏やかな海の波しぶき、そよ風に揺れる森の葉音、そして均一なホワイトノイズなど、高品質で心安らぐ環境音をお好みでブレンド。自分だけの理想的な入眠スペースを作り上げ、心地よいリラックスタイムをお楽しみください。

主な特徴：
• カスタマイズ可能な睡眠環境：複数の高音質な環境音を自由にミックス。個別のトラック音量を微調整して、オリジナルのリラックス音源を作成できます。
• インテリジェントな省電力モード：夜間のデバイスのバッテリー消費をしっかりと保護。睡眠中は自動的にオーディオのサンプリングレートを下げ、不要な画面アニメーションを無効化します。
• 音量平準化機能：耳に優しい快適なオーディオ出力を維持。再生中の全トラックのマスター音量のバランスを自動で調整し、突然の音量スパイクや音割れを防ぎます。
• やさしい日の出起床アラーム：すっきりと快適な目覚めを提供。タイマー終了時、5分間かけてゆっくりと音量が上昇し、画面には日の出を模した温かみのある光が灯ります。
• クイックガイド機能：アプリ起動時に睡眠保護設定や環境カスタマイズの手順をわかりやすくご案内します。

SoundSlumberが選ばれる理由：
• 完全オフライン対応：インターネット接続なしで、いつでもどこでもお好みのミックスを再生可能。
• 省電力設計：バッテリー負荷を極限まで低減させるよう最適化。
• モダンなMaterial Design：夜間の目の疲労を和らげる美しいダークテーマのインターフェースを採用。

不眠の夜に別れを告げ、スッキリと充実した朝を迎えましょう。今すぐSoundSlumberをダウンロード！"
ko,SoundSlumber - 수면 (광고),"맞춤형 수면 소리, 절전 모드, 부드러운 기상 알람으로 깊은 잠에 드세요.","깊고 평온한 휴식을 위한 완벽한 수면 보조 솔루션, SoundSlumber와 함께 매일 밤 더 깊은 수면을 경험하세요.

부드러운 빗소리, 잔잔한 파도 소리, 바스락거리는 숲의 나뭇잎 소리, 아늑한 화이트 노이즈 등 고품질의 자연 음향을 마음대로 믹스하여 완벽한 수면 침실을 꾸며보세요. 개인 맞춤형 사운드스케이프를 통해 지친 하루의 긴장을 풀고 더 빠르게 수면 상태로 빠져들 수 있습니다.

핵심 기능:
• 나만의 사운드스케이프: 다양한 고음질 환경 소리를 자유롭게 조합하고, 개별 트랙의 볼륨을 정밀하게 조절하여 세상에 단 하나뿐인 수면 사운드를 만드세요.
• 스마트 절전 모드: 수면 중 기기의 배터리를 보호합니다. 활성화 시 오디오 샘플링 속도를 자동으로 낮추고 불필요한 백그라운드 화면 애니메이션을 정지하여 전력 소모를 차단합니다.
• 음량 평준화: 부드럽고 균형 잡힌 고품질 사운드를 제공합니다. 동시에 재생되는 트랙들의 마스터 볼륨을 자동으로 평준화하여 갑작스러운 소리 충격이나 음 찢어짐 현상을 예방합니다.
• 부드러운 일출 기상: 기분 좋은 아침을 맞이하세요. 타이머가 만료되면 5분 동안 서서히 소리가 커지며, 화면에 아름다운 노란빛 일출 조명이 함께 켜져 자연스러운 기상을 돕습니다.
• 직관적인 가이드 투어: 첫 가이드를 통해 수면 조절 기능과 맞춤 환경 설정을 손쉽게 배울 수 있습니다.

왜 SoundSlumber 인가요?
• 100% 오프라인 지원: 인터넷 무선 데이터 연결 없이도 언제 어디서나 저장된 프리셋과 믹스를 무제한 재생합니다.
• 극대화된 배터리 효율: 전력 최소 소모 공학 기법을 적용하여 설계되었습니다.
• 세련된 다크 모드 UI: 어두운 침실에서도 시력을 안전하게 보호하는 고급 메टे리얼 야간 전용 디자인.

불면증을 이겨내고 상쾌한 아침 기상을 시작해 보세요. 지금 SoundSlumber를 다운로드하세요!"
mr,साउंडस्लंबर - झोप (Ads),"शांत झोपेसाठी सुखद आवाज, पॉवर सेव्ह मोड आणि जेंटल वेक अलार्म.","शांत आणि गाढ झोपेसाठी तुमचा सर्वोत्तम सोबती SoundSlumber सह तुमच्या रात्री आनंददायी बनवा.

मृदू पाऊस, समुद्राच्या शांत लाटा, जंगलातील पानांची सळसळ आणि सुखद व्हाईट नॉइझ यांसारख्या उच्च-दर्जाच्या सुखदायक आवाजांचे मिश्रण करून तुमच्या बेडरुमला एक शांत स्वर्गात बदला. तुमच्या आवडीनुसार झोपेचे वातावरण तयार करा आणि पूर्वीपेक्षा खूप लवकर शांत झोपेचा आनंद घ्या.

प्रमुख वैशिष्ट्ये:
• वैयक्तिक ध्वनी-मिश्रण: एकाधिक उच्च-गुणवत्तेचे सुखद आवाज एकत्र करा. तुमची स्वतःची बेडटाईम ऑडिओ तयार करण्यासाठी प्रत्येक ट्रॅकचा आवाज स्वतंत्रपणे नियंत्रित करा.
• स्मार्ट पॉवर सेव्ह मोड: रात्रभर तुमच्या डिव्हाइसची बॅटरी सुरक्षित ठेवा. हा मोड तुमच्या झोपेच्या दरम्यान ऑडिओ सॅम्पलिंग दर कमी करतो आणि स्क्रीनवरील अनावश्यक ॲनिमेशन बंद ठेवतो.
• लाउडनेस नॉर्मलायझेशन: संतुलित आणि सुसंगत आवाजाचा अनुभव घ्या. सर्व ट्रॅकचा मास्टर आवाज स्वयंचलितपणे नियंत्रित केला जातो जेणेकरून अचानक मोठा आवाज किंवा आवाजात बदल होणार नाही.
• हळूवार सुर्योदय अलार्म: नैसर्गिकरित्या प्रसन्न जागे व्हा. स्लीप टाइमर संपल्यावर आवाज ५ मिनिटांत हळूहळू वाढतो आणि स्क्रीनवर सुर्योदयाचा सुंदर प्रकाश चमकतो.
• सुलभ मार्गदर्शिका: झोप सुरक्षा वैशिष्ट्ये सानुकूलित कशी करायची आणि तुमचे कस्टम आवाज कसे डिझाइन करायचे हे सहज समजावून घ्या.

SoundSlumber का निवडावे?
• १००% ऑफलाइन अनुकूल: इंटरनेट कनेक्शनशिवाय कुठेही, कधीही तुमचे सानुकूलित मिक्स प्ले करा.
• बॅटरी अनुकूल झोप: कमीत कमी पॉवर वापरण्यासाठी विशेषतः डिझाइन केलेले.
• आधुनिक डार्क थीम डिझाइन: रात्री डोळ्यांना आराम देण्यासाठी एक सुंदर आणि सोयीस्कर इंटरफेस.

अस्वस्थ रात्रींना निरोप द्या आणि ताजेतवाने जागे व्हा. आजच SoundSlumber डाउनलोड करा!"
pa,ਸਾਊਂਡਸਲੰਬਰ - ਨੀਂਦ (Ads),"ਸੁਖਦ ਆਵਾਜ਼ਾਂ, ਪਾਵਰ ਸੇਵ ਮੋਡ ਅਤੇ ਹੌਲੀ-ਹੌਲੀ ਜਾਗਣ ਵਾਲੇ ਅਲਾਰਮ ਨਾਲ ਸੌਵੋ।","ਗੂੜ੍ਹੀ ਅਤੇ ਆਰਾਮਦਾਇਕ ਨੀਂਦ ਲਈ ਤੁਹਾਡੇ ਸਭ ਤੋਂ ਵਧੀਆ ਸਾਥੀ SoundSlumber ਨਾਲ ਆਪਣੀਆਂ ਰਾਤਾਂ ਨੂੰ ਬਦਲੋ।

ਹਲਕੀ ਬਾਰਸ਼, ਸ਼ਾਂਤ ਸਮੁੰਦਰ ਦੀਆਂ ਲਹਿਰਾਂ, ਜੰਗਲ ਦੇ ਪੱਤਿਆਂ ਦੀ ਸਰਸਰਾਹਟ ਅਤੇ ਸੁਖਦਾਇਕ ਵ੍ਹਾਈਟ ਨੋਇਜ਼ ਵਰਗੀਆਂ ਉੱਚ-ਗੁਣਵੱਤਾ ਵਾਲੀਆਂ ਆਵਾਜ਼ਾਂ ਦਾ ਮਿਸ਼ਰਣ ਤਿਆਰ ਕਰਕੇ ਆਪਣੇ ਸੌਣ ਵਾਲੇ ਕਮਰੇ ਨੂੰ ਇੱਕ ਸ਼ਾਂਤ ਸਵਰਗ ਬਣਾਓ। ਆਪਣੀ ਪਸੰਦ ਅਨੁਸਾਰ ਸੌਣ ਦਾ ਮਾਹੌਲ ਬਣਾਓ ਅਤੇ ਪਹਿਲਾਂ ਨਾਲੋਂ ਵੀ ਤੇਜ਼ੀ ਨਾਲ ਸੌਂਵੋ।

ਮੁੱਖ ਵਿਸ਼ੇਸ਼ਤਾਵਾਂ:
• ਵਿਅਕਤੀਗਤ ਧੁਨੀ-ਮਿਸ਼ਰਣ: ਕਈ ਉੱਚ-ਗੁਣਵੱਤਾ ਵਾਲੀਆਂ ਕੁਦਰਤੀ ਆਵਾਜ਼ਾਂ ਨੂੰ ਇਕੱਠਾ ਮਿਲਾਓ। ਆਪਣੀ ਖੁਦ ਦੀ ਬੈੱਡਟਾਈਮ ਆਡੀਓ ਤਿਆਰ ਕਰਨ ਲਈ ਹਰੇਕ ਟ੍ਰੈਕ ਦੀ ਆਵਾਜ਼ ਨੂੰ ਕੰਟਰੋਲ ਕਰੋ।
• ਸਮਾਰਟ ਪਾਵਰ ਸੇਵ ਮੋਡ: ਰਾਤ ਭਰ ਆਪਣੀ ਡਿਵਾਈਸ ਦੀ ਬੈਟਰੀ ਸੁਰੱਖਿਅਤ ਰੱਖੋ। ਇਹ ਮੋਡ ਤੁਹਾਡੇ ਸੌਣ ਵੇਲੇ ਆਡੀਓ ਸੈਂਪਲਿੰਗ ਦਰ ਨੂੰ ਘਟਾਉਂਦਾ ਹੈ ਅਤੇ ਵਾਧੂ ਸਕ੍ਰੀਨ ਐਨੀਮੇਸ਼ਨ ਬੰਦ ਰੱਖਦਾ ਹੈ।
• ਆਵਾਜ਼ ਦਾ ਸਮਾਨੀਕਰਨ: ਸੰਤੁਲਿਤ ਅਤੇ ਇਕਸਾਰ ਆਵਾਜ਼ ਦਾ ਅਨੁਭਵ ਕਰੋ। ਸਾਰੇ ਟ੍ਰੈਕਾਂ ਦੇ ਮਾਸਟਰ ਵੌਲਯੂਮ ਨੂੰ ਆਪਣੇ ਆਪ ਬਰਾਬਰ ਰੱਖਿਆ ਜਾਂਦਾ ਹੈ ਤਾਂ ਜੋ ਅਚਾਨਕ ਕੋਈ ਤੇਜ਼ ਆਵਾਜ਼ ਨਾ ਆਵੇ।
• ਹੌਲੀ-ਹੌਲੀ ਜਾਗਣ ਵਾਲਾ ਅਲਾਰਮ: ਕੁਦਰਤੀ ਤੌਰ 'ਤੇ ਤਰੋਤਾਜ਼ਾ ਹੋ ਕੇ ਜਾਗੋ। ਸਲੀਪ ਟਾਈਮਰ ਖਤਮ ਹੋਣ 'ਤੇ ਆਵਾਜ਼ 5 ਮਿੰਟਾਂ ਵਿੱਚ ਹੌਲੀ-ਹੌਲੀ ਵਧਦੀ ਹੈ ਅਤੇ ਸਕ੍ਰੀਨ 'ਤੇ ਸੂਰਜ ਚੜ੍ਹਨ ਦੀ ਨਕਲੀ ਰੌਸ਼ਨੀ ਚਮਕਦੀ ਹੈ।
• ਆਸਾਨ ਗਾਈਡ: ਨੀਂਦ ਸੁਰੱਖਿਆ ਵਿਸ਼ੇਸ਼ਤਾਵਾਂ ਨੂੰ ਅਨੁਕੂਲਿਤ ਕਰਨ ਅਤੇ ਆਪਣਾ ਕਸਟਮ ਵਾਤਾਵਰਣ ਤਿਆਰ ਕਰਨ ਦਾ ਤਰੀਕਾ ਆਸਾਨੀ ਨਾਲ ਸਮਝੋ।

SoundSlumber ਕਿਉਂ ਚੁਣੋ?
• 100% ਔਫਲਾਈਨ ਅਨੁਕੂਲ: ਇੰਟਰਨੈਟ ਕਨੈਕਸ਼ਨ ਤੋਂ ਬਿਨਾਂ ਕਿਤੇ ਵੀ, ਕਦੇ ਵੀ ਆਪਣੀਆਂ ਮਨਪਸੰਦ ਆਵਾਜ਼ਾਂ ਚਲਾਓ।
• ਬੈਟਰੀ ਦੀ ਘੱਟ ਖਪਤ: ਬਿਜਲੀ ਦੀ ਬਹੁਤ ਘੱਟ ਖਪਤ ਕਰਨ ਲਈ ਵਿਸ਼ੇਸ਼ ਤੌਰ 'ਤੇ ਤਿਆਰ ਕੀਤਾ ਗਿਆ ਹੈ।
• ਸ਼ਾਨਦਾਰ ਡਾਰਕ ਥੀਮ ਡਿਜ਼ਾਈਨ: ਰਾਤ ਨੂੰ ਅੱਖਾਂ ਦੇ ਆਰਾਮ ਲਈ ਇੱਕ ਆਧੁਨिक ਅਤੇ ਸੁੰਦਰ ਇੰਟਰਫੇਸ।

ਬੇਚੈਨ ਰਾਤਾਂ ਨੂੰ ਅਲਵਿਦਾ ਕਹੋ ਅਤੇ ਤਰੋਤਾਜ਼ਾ ਮਨ ਨਾਲ ਜਾਗਣਾ ਸ਼ੁਰੂ ਕਰੋ। ਅੱਜ ਹੀ SoundSlumber ਡਾਊਨਲੋਡ ਕਰੋ!"
pt,SoundSlumber - Sono (Ads),"Durma profundamente com sons relaxantes, economia de energia e despertador.","Transforme as suas noites com o SoundSlumber, o companheiro definitivo para um sono profundo e restaurador.

Crie o seu santuário de descanso perfeito misturando sons relaxantes de alta fidelidade — incluindo chuva suave, ondas calmas do mar, o sussurrar das folhas da floresta e um ruído branco agradável. Personalize o seu ambiente de sono de acordo com as suas preferências e adormeça mais rápido do que nunca.

Recursos Principais:
• Paisagens Sonoras Personalizadas: Combine múltiplos sons d'ambiente. Ajuste o volume de cada faixa individualmente para criar a sua própria fuga sonora para a noite.
• Modo de Economia de Energia Inteligente: Proteja a bateria do seu telemóvel durante a noite. Este modo reduz automaticamente a taxa de amostragem de áudio e desativa as animações de tela não essenciais enquanto dorme.
• Normalização de Volume: Desfrute de um áudio equilibrado e consistente. O SoundSlumber nivela o volume master de todas as faixas ativas para evitar picos abruptos de som ou estridência.
• Despertar Suave ao Amanhecer: Acorde de forma natural e com energia. Quando o temporizador expira, o volume aumenta gradualmente ao longo de 5 minutos, acompanhado por uma tela de simulação de amanhecer quente.
• Guia de Integração Rápida: Aprenda facilmente a configurar os recursos de proteção acústica e a desenhar os seus ambientes.

Porquê escolher o SoundSlumber?
• 100% Offline: Reproduza os seus mixes personalizados em qualquer lugar, a qualquer hora, sem necessidade de internet.
• Economia de Bateria: Desenvolvido de raiz para consumir o mínimo de energia possível.
• Design Moderno e Escuro: Uma interface elegante e amigável para os olhos para uma utilização noturna tranquila.

Diga adeus às noites em claro e acorde totalmente renovado. Descarregue o SoundSlumber hoje!"
ru,SoundSlumber - Сон (Реклама),"Глубокий сон с фоновыми звуками, энергосбережением и мягким будильником.","Преобразите свои ночи с помощью SoundSlumber — идеального приложения для глубокого и восстанавливающего сна.

Создайте свое идеальное пространство для отдыха, смешивая высококачественные расслабляющие звуки, такие как мягкий шум дождя, спокойный шепот морских волн, шелест листьев в лесу и ровный белый шум. Настройте акустическую атмосферу полностью по своему вкусу и засыпайте быстрее, чем когда-либо.

Основные возможности:
• Персональные звуковые ландшафты: Микшируйте несколько фоновых звуков высокой четкости. Настраивайте громкость каждого трека по отдельности, создавая уникальную ночную композицию.
• Умный режим энергосбережения: Берегите батарею устройства ночью. Этот режим автоматически снижает частоту дискретизации звука и отключает второстепенные анимации экрана во время вашего сна.
• Нормализация громкости: Наслаждайтесь стабильным и комфортным звучанием. Приложение выравнивает общий уровень громкости всех запущенных звуков, предотвращая резкие скачки аудио.
• Мягкое пробуждение (Рассвет): Просыпайтесь естественно и легко. При окончании таймера сна громкость будильника плавно нарастает в течение 5 минут, а экран симулирует мягкий свет восходящего солнца.
• Приветственное руководство: Быстро освойте все возможности защиты звука и узнайте, как настроить оптимальный профиль для отдыха.

Почему SoundSlumber?
• 100% оффлайн: Слушайте свои любимые миксы без подключения к интернету в любом месте и в любое время.
• Экономия заряда: Оптимальный расход энергии благодаря энергосберегающим аудиотехнологиям.
• Стильный темный дизайн: Современный интерфейс в темных тонах, созданный для комфорта ваших глаз ночью.

Забудьте о бессоннице и начните просыпаться полными сил. Скачайте SoundSlumber прямо сейчас!"
ta,SoundSlumber - தூக்கம் (Ads),"மென்மையான ஒலிகள், பவர் சேவிங் மற்றும் விழிப்பு அலாரத்துடன் உறங்குங்கள்.","ஆழ்ந்த மற்றும் நிம்மதியான உறக்கத்திற்கு உங்களின் சிறந்த துணையான SoundSlumber மூலம் உங்கள் இரவுகளை மாற்றியமைக்கவும்.

மென்மையான மழை, அமைதியான கடல் அலைகள், காடுகளின் இலைகளின் சலசலப்பு மற்றும் இதமான வெள்ளை சத்தம் போன்ற உயர்தர ஒலிகளை கலந்து உங்கள் படுக்கையறையை அமைதியான சொர்க்கமாக மாற்றவும். உங்கள் விருப்பத்திற்கு ஏற்ப உறக்க சூழலை உருவாக்கி, முன்பை விட வேகமாக உறங்குங்கள்.

முக்கிய அம்சங்கள்:
• தனிப்பயனாக்கப்பட்ட ஒலிக்கலவை: பல உயர்தர இயற்கை ஒலிகளை ஒன்றாக இணைக்கவும். உங்களுக்கென தனித்துவமான தூக்க ஒலிகளை உருவாக்க ஒவ்வொரு ஒலியின் அளவையும் கட்டுப்படுத்தவும்.
• ஸ்மார்ட் பேட்டரி சேமிப்பு முறை: இரவில் உங்கள் சாதனத்தின் பேட்டரியைப் பாதுகாக்கவும். நீங்கள் உறங்கும் போது இந்த முறை ஆடியோ மாதிரி விகிதத்தை தானாகவே குறைத்து, தேவையற்ற திரை அனிமேஷன்களை முடக்குகிறது.
• ஒலி சமநிலைப்படுத்துதல்: சீரான ஒலியை அனுபவிக்கவும். திடீரென அதிக சத்தம் ஏற்படுவதைத் தடுக்க அனைத்து ஒலிகளின் அளவும் தானாகவே சமமாக வைக்கப்படுகிறது.
• மென்மையான அதிகாலை அலாரம்: இயற்கையாக புத்துணர்ச்சியுடன் எழுந்திருங்கள். ஸ்லீப் டைமர் முடிந்ததும் 5 நிமிடங்களில் ஒலி மெதுவாக அதிகரிக்கிறது மற்றும் திரையில் அதிகாலைச் சூரியனின் ஒளியைப் போன்ற மென்மையான வெளிச்சம் ஒளிர்கிறது.
• எளிய அறிமுக கையேடு: தூக்க பாதுகாப்பு அமைப்புகளை எவ்வாறு தனிப்பயனாக்குவது மற்றும் உங்களின் சொந்த ஒலிக்கலவையை உருவாக்குவது எப்படி என்பதை எளிதாகப் புரிந்து கொள்ளுங்கள்.

SoundSlumber-ஐ ஏன் தேர்ந்தெடுக்க வேண்டும்?
• 100% ஆஃப்லைனில் வேலை செய்யும்: இணைய இணைப்பு இல்லாமல் எங்கும், எப்போது வேண்டுமானாலும் உங்கள் ஒலிக்கலவையை இயக்கவும்.
• குறைந்த பேட்டரி பயன்பாடு: மின் நுகர்வு மிகக் குறைவாக இருக்கும்படி சிறப்பாக வடிவமைக்கப்பட்டுள்ளது.
• நேர்த்தியான டார்க் தீம் வடிவமைப்பு: இரவில் கண்களுக்கு வசதியாக இருக்கும் வகையில் நவீன மற்றும் அழகான இடைமுகம்.

அமைதியற்ற இரவுகளுக்கு விடைபெற்று புத்துணர்ச்சியுடன் விழியுங்கள். இன்றே SoundSlumber பதிவிறக்கம் செய்யுள்!"
te,SoundSlumber - నిద్ర (Ads),"ప్రశాంతమైన శబ్దాలు, పవర్ సేవింగ్ మరియు మేల్కొలుపు అలారంతో నిద్రించండి.","ప్రశాంతమైన మరియు గాఢ నిద్ర కోసం మీ అంతిమ సహచరుడైన SoundSlumberతో మీ రాత్రులను మార్చుకోండి.

చిరుజల్లులు, ప్రశాంతమైన సముద్రపు అలలు, అడవి ఆకుల సడి మరియు హాయినిచ్చే వైట్ నాయిస్ వంటి అధిక-నాణ్యత శబ్దాలను కలపడం ద్వారా మీ పడకగదిని ప్రశాంత స్వర్గంగా మార్చుకోండి. మీ అభిరుచికి అనుగుణంగా నిద్ర వాతావరణాన్ని సృష్టించుకోండి మరియు మునుపటి కంటే చాలా వేగంగా నిద్రపోండి.

ముఖ్య ఫీచర్లు:
• వ్యక్తిగతీకరించిన శబ్దాలు: బహుళ అధిక-నాణ్యత సహజ శబ్దాలను మిక్స్ చేయండి. మీ ప్రత్యేకమైన బెడ్‌టైమ్ ఆడియోను సృష్టించడానికి ప్రతి ట్రాక్ యొక్క వాల్యూమ్‌ను నియంత్రించండి.
• స్మార్ట్ పవర్ సేవ్ మోడ్: రాత్రంతా మీ పరికరం యొక్క బ్యాటరీని సురక్షితంగా ఉంచండి. మీరు నిద్రిస్తున్నప్పుడు ఈ మోడ్ ఆడియో సాంప్లింగ్ రేటును స్వయంచాలకంగా తగ్గించి, స్క్రీన్ యానిమేషన్లను నిలిపివేస్తుంది.
• శబ్ద సాధారణీకరణ: సమతుల్యమైన మరియు స్థిరమైన ధ్వనిని అనుభవించండి. ఒక్కసారిగా పెద్ద శబ్దం రాకుండా ఉండేందుకు అన్ని ట్రాక్‌ల వాల్యూమ్ స్వయంచాలకంగా నియంత్రించబడుతుంది.
• సున్నితమైన సూర్యోదయం అలారం: సహజసిద్ధంగా మరియు ఉత్సాహంగా నిద్ర లేవండి. స్లీప్ టైమర్ ముగిసిన తర్వాత 5 నిమిషాల పాటు వాల్యూమ్ క్రమంగా పెరుగుతుంది మరియు స్క్రీన్‌పై సూర్యోదయ వెలుగులు కనిపిస్తాయి.
• సులభమైన గైడ్: నిద్ర రక్షణ ఫీచర్లను అనుకూలీకరించడం మరియు మీ స్వంత శబ్దాలను ఎలా సృష్టించాలో సులभంగా అర్థం చేసుకోండి.

SoundSlumberను ఎందుకు ఎంచుకోవాలి?
• 100% ఆఫ్‌లైన్ అనుకూలం: ఇంటర్నెట్ కనెక్షన్ లేకుండా ఎక్కడైనా, ఎప్పుడైనా మీ శబ్దాలను ప్లే చేయండి.
• బ్యాటరీ స్నేహపూర్వక: అత్యంత తక్కువ విద్యుత్ వినియోగం కోసం ప్రత్యేకంగా రూపొందించబడింది.
• అద్భుతమైన డార్క్ థీమ్ డిజైన్: రాత్రి వేళల్లో కళ్లకు హాయినిచ్చే అందమైన ఇంటర్‌ఫేస్.

ప్రశాంతత లేని రాత్రులకు స్వస్తి పలికి ఉత్సాహంగా నిద్ర లేవండి. ఈరోజే SoundSlumber డౌన్‌లోడ్ చేసుకోండి!"
th,SoundSlumber - หลับ (โฆษณา),นอนหลับสนิทด้วยเสียงบรรยากาศ โหมดประหยัดพลังงาน และนาฬิกาปลุกแสนอ่อนโยน,"เปลี่ยนค่ำคืนของคุณด้วย SoundSlumber เพื่อนแท้เพื่อการนอนหลับที่ลึกและพักผ่อนได้อย่างเต็มอิ่ม

สร้างมุมพักผ่อนที่สมบูรณ์แบบด้วยการผสมผสานเสียงที่ผ่อนคลายคุณภาพสูง เช่น เสียงฝนตกเบาๆ คลื่นทะเลอันเงียบสงบ เสียงใบไม้ไหวในป่า และไวท์นอยส์ที่นุ่มนวล ปรับแต่งสภาพแวดล้อมการนอนหลับของคุณได้ตามใจชอบและหลับได้เร็วขึ้นอย่างที่ไม่เคยเป็นมาก่อน

คุณสมบัติเด่น:
• บรรยากาศเสียงส่วนตัว: ผสมผสานเสียงรอบข้างที่มีความเที่ยงตรงสูงหลายๆ เสียง ปรับระดับเสียงของแต่ละแทร็กเพื่อสร้างสรรค์เสียงเพื่อการนอนหลับที่เป็นเอกลักษณ์ของคุณเอง
• โหมดประหยัดพลังงานอัจฉริยะ: ปกป้องแบตเตอรี่ของอุปกรณ์ตลอดทั้งคืน โหมดนี้จะลดอัตราการสุ่มตัวอย่างเสียงโดยอัตโนมัติและปิดใช้งานแอนิเมชันหน้าจอที่ไม่จำเป็นในขณะที่คุณนอนหลับ
• การปรับระดับเสียงให้เท่ากัน: สัมผัสประสบการณ์เสียงที่นุ่มนวลและสมดุล แอปพลิเคชันจะปรับระดับเสียงหลักของแทร็กที่กำลังใช้งานอยู่ทั้งหมดเพื่อป้องกันเสียงดังกระชากและเสียงแตก
• ปลุกด้วยแสงอรุณอย่างอ่อนโยน: ตื่นนอนอย่างเป็นธรรมชาติและสดชื่น เมื่อสิ้นสุดเวลาตั้งเวลาปิดเครื่อง ระดับเสียงจะค่อยๆ ดังขึ้นในช่วงเวลา 5 นาที พร้อมหน้าจอจำลองแสงอาทิตย์ขึ้นอันแสนอบอุ่น
• คู่มือการแนะนำการใช้งาน: เรียนรู้วิธีการปรับแต่งคุณสมบัติการป้องกันการนอนหลับและการออกแบบบรรยากาศเสียงของคุณได้อย่างรวดเร็ว

ทำไมต้องเลือก SoundSlumber?
• ใช้งานออฟไลน์ได้ 100%: เปิดเสียงที่คุณผสมเองได้ทุกที่ทุกเวลาโดยไม่ต้องเชื่อมต่ออินเทอร์เน็ต
• ประหยัดแบตเตอรี่: ออกแบบมาเพื่อการใช้พลังงานที่น้อยที่สุด
• ดีไซน์ทันสมัยแบบมืด: หน้าจอที่สวยงามและสบายตาสำหรับการรับชมในเวลากลางคืน

บอกลาค่ำคืนที่นอนไม่หลับแล้วตื่นมาด้วยความสดชื่น ดาวน์โหลด SoundSlumber วันนี้!"
tr,SoundSlumber - Uyku (Reklam),"Dinlendirici sesler, güç tasarrufu ve nazik uyandırma alarmı ile derin uyu.","Derin ve dinlendirici bir uykunun nihai arkadaşı olan SoundSlumber ile gecelerinizi dönüştürün.

Hafif yağmur, sakin okyanus dalgaları, hışırdayan orman yaprakları ve pürüzsüz beyaz gürültü dahil olmak üzere yüksek kaliteli rahatlatıcı sesleri karıştırarak mükemmel uyku sığınağınızı oluşturun. Uyku ortamınızı tamamen kendi isteğinize göre uyarlayın ve her zamankinden daha hızlı uykuya dalın.

Temel Özellikler:
• Kişiselleştirilmiş Ses Ortamları: Birden fazla yüksek kaliteli ortam sesini karıştırıp eşleştirin. Benzersiz uyku kaçış sesinizi oluşturmak için her bir parçanın sesini ince ayarlayın.
• Akıllı Güç Tasarrufu Modu: Cihazınızın pilini gece boyunca koruyun. Bu mod, siz uyurken ses örnekleme hızını otomatik olarak düşürür ve gereksiz ekran animasyonlarını devre dışı bırakır.
• Ses Normalleştirme: Dengeli bir ses çıkışının keyfini çıkarın. SoundSlumber, ani ses patlamalarını ve ses bozulmalarını önlemek için tüm aktif parçaların ana sesini dengeler.
• Nazik Gün Doğumu Uyanışı: Doğal ve tazelenmiş olarak uyanın. Uyku zamanlayıcınız sona erdiğinde, ses seviyesi 5 dakika boyunca nazikçe artar ve ekranda sıcak, simüle edilmiş bir gün doğumu ışığı belirir.
• Tanıtım Kılavuzu: Uyku koruma özelliklerini nasıl özelleştireceğinizi ve kendi ses ortamlarınızı nasıl tasarlayacağınızı hızla öğrenin.

Neden SoundSlumber'ı Seçmelisiniz?
• %100 Çevrimdışı Dostu: Özel karışımlarınızı internet bağlantısına ihtiyaç duymadan, her yerde ve her zaman oynatın.
• Pil Dostu: Minimum güç tüketimi için sıfırdan tasarlandı.
• Modern Karanlık Tasarım: Rahat bir gece kullanımı için tasarlanmış şık ve göz yormayan arayüz.

Uykusuz gecelere veda edin ve güne zinde başlayın. SoundSlumber'ı bugün indirin!"
ur,ساؤنڈ سلمبر - نیند (اشتہار),پرسکون نیند کے لیے موزوں آوازیں، پاور سیو اور آہستہ جگانے والا الارم۔,"گہری اور پرسکون نیند کے لیے اپنے بہترین ساتھی SoundSlumber کے ساتھ اپنی راتوں کو بدلیں۔

ہلکی بارش، سمندر کی لہریں، جنگل کے پتوں کی سرسراہٹ اور مدھر وائٹ نوائز جیسی اعلیٰ معیار کی آوازوں کا مکسچر بنا کر اپنے بیڈ روم کو ایک شاندار پناہ گاہ میں تبدیل کریں۔ اپنی پسند کے مطابق نیند کا ماحول تیار کریں اور پہلے سے کہیں زیادہ تیزی سے سوئیں۔

بنیادی خصوصیات:
• پرسنل آوازیں: متعدد اعلیٰ معیار کی قدرتی آوازوں کو اکٹھا مکس کریں۔ اپنی مرضی کی بیڈ ٹائم آڈیو تیار کرنے کے لیے ہر ٹریک کے حجم کو کنٹرول کریں۔
• اسمارٹ پاور سیو موڈ: رات بھر اپنے فون کی بیٹری محفوظ رکھیں۔ یہ موڈ آپ کے سوتے وقت آڈیو سیمپلنگ ریٹ کو کم کرتا ہے اور اسکرین متحرک تصاویر کو بند رکھتا ہے۔
• آواز کی یکسانیت: متوازن اور مستقل آواز کا تجربہ کریں۔ تمام فعال ٹریکس کی آواز کو خود بخود برابر رکھا جاتا ہے تاکہ اچانک کوئی تیز آواز نہ آئے۔
• نرم طلوعِ صبح الارم: قدرتی طور پر تروتازہ ہو کر جاگیں۔ سلیپ ٹائمر ختم ہونے پر آواز 5 منٹ میں آہستہ آہستہ بڑھتی ہے اور اسکرین پر صبح کے سورج کی گرم روشنی چمکتی ہے۔
• آسان گائیڈ: نیند کے حفاظتی فیچرز کو کسٹمرائز کرنے اور اپنی مرضی کا ماحول تیار کرنے کا طریقہ آسانی سے سمجھیں۔

SoundSlumber کیوں منتخب کریں؟
• 100% آف لائن مطابقت: بغیر انٹرنیٹ کنکشن کے کہیں بھی، کبھی بھی اپنے پسندیدہ مکس چلائیں۔
• کم بیٹری کا استعمال: بجلی کی انتہائی کم کھپت کے لیے خصوصی طور پر ڈیزائن کیا گیا ہے۔
• شاندار ڈارک تھیم ڈیزائن: رات کو آنکھوں کے آرام کے لیے ایک خوبصورت اور جدید انٹرفेस۔

بے چین راتوں کو الوداع کہیں اور تروتازہ ہو کر جاگنا شروع کریں۔ آج ہی SoundSlumber ڈاؤن لوڈ کریں!"
vi,SoundSlumber - Ngủ (Quảng cáo),"Ngủ ngon với âm thanh thư giãn, tiết kiệm pin và báo thức bình minh dịu nhẹ.","Cải thiện chất lượng giấc ngủ của bạn cùng SoundSlumber - người bạn đồng hành hoàn hảo cho những giấc ngủ sâu và trọn vẹn.

Tạo nên không gian thư giãn lý tưởng bằng cách trộn các âm thanh êm dịu chất lượng cao, bao gồm tiếng mưa rơi nhẹ, sóng biển rì rào, tiếng lá rừng xào xạc và tiếng ồn trắng ấm áp. Tự do tùy chỉnh môi trường ngủ theo sở thích để nhanh chóng chìm vào giấc ngủ ngon.

Tính năng nổi bật:
• Trộn âm thanh cá nhân: Kết hợp nhiều âm thanh môi trường độ trung thực cao. Tùy chỉnh âm lượng của từng âm thanh để tạo nên giai điệu ru ngủ độc bản.
• Chế độ tiết kiệm pin thông minh: Bảo vệ dung lượng pin điện thoại suốt đêm. Chế độ này tự động giảm tần số lấy mẫu âm thanh và tắt các hoạt ảnh không cần thiết của màn hình khi bạn ngủ.
• Chuẩn hóa âm lượng: Trải nghiệm âm thanh mượt mà, cân bằng. SoundSlumber tự động cân chỉnh âm lượng tổng thể của các luồng phát để tránh các tiếng động đột ngột gây vỡ âm.
• Báo thức bình minh dịu nhẹ: Thức giấc tự nhiên và sảng khoái. Khi hết giờ hẹn tắt, âm lượng sẽ tăng dần trong vòng 5 phút đi kèm màn hình mô phỏng ánh sáng mặt trời mọc ấm áp.
• Hướng dẫn chi tiết: Dễ dàng nắm bắt cách thiết lập các tính năng bảo vệ giấc ngủ và tùy biến không gian thư giãn của riêng bạn.

Tại sao chọn SoundSlumber?
• Hoạt động 100% ngoại tuyến: Phát các bản nhạc trộn của bạn ở bất kỳ đâu, bất kỳ lúc nào mà không cần kết nối mạng.
• Tối ưu thời lượng pin: Được thiết kế tỉ mỉ để tiêu tốn năng lượng ở mức thấp nhất.
• Giao diện tối hiện đại: Thiết kế Material You đẹp mắt, dịu mắt và thân thiện cho giấc ngủ đêm.

Tạm biệt những đêm trằn trọc mất ngủ và bắt đầu ngày mới tràn đầy năng lượng. Hãy tải SoundSlumber ngay hôm nay!"
zh,SoundSlumber - 助眠 (含广告),定制环境白噪音、智能省电与温柔日出唤醒，助您整晚安稳深睡。,"使用 SoundSlumber 改善您的夜间睡眠质量，这是您获得深度、安稳睡眠的终极伴侣。

通过自由混配高品质的舒适环境音——包括细腻的雨声、静谧的海浪声、沙沙作响的森林叶声和柔和的白噪音，打造您专属的睡眠避风港。根据您的个人喜好完美定制睡眠环境，比以往更快地轻松入睡。

核心功能：
• 专属白噪音混音：任意搭配多款高保真背景音效。单独微调每轨音量，轻松定制独一无二的助眠听觉世界。
• 智能省电模式：彻夜守护您的设备电量。在您入睡后，该模式会自动降低音频采样率，并关闭一切非必要的屏幕动画，最大化节省电池。
• 音量均衡防护：享受舒适均匀的音频输出。SoundSlumber 会自动平衡所有播放音轨的总音量，防止突发的刺耳噪音或爆音、破音。
• 温柔日出唤醒：让清晨醒来更加自然、舒适。当睡眠定时器结束时，闹铃音量会在5分钟内缓缓线性升起，同时屏幕亮起温暖的模拟日出渐变光晕。
• 新手趣味引导：只需几秒，即可快速掌握如何开启声学防护并配置您的首个助眠环境。

为什么选择 SoundSlumber？
• 100% 离线支持：无需网络连接，随时随地播放您的专属助眠混音。
• 极低电量消耗：从底层进行能耗优化，即便彻夜播放也无电池忧虑。
• 质感暗黑夜色设计：专为夜间视力保护设计的现代 Material 界面，美观且护眼。

告别失眠与焦虑，精神饱满地开启每一个活力清晨。立即下载 SoundSlumber 开启您的好眠之旅！"
